Model,Accuracy,Precision,Recall,F1-Score
Naive Bayes,0.6666666666666666,0.4444444444444444,0.6666666666666666,0.5333333333333333
SVM,0.6666666666666666,0.4444444444444444,0.6666666666666666,0.5333333333333333
